1,0.015,0x80d2101c2dadc35b109d7011fe3ce3c260ef108c76596a133e28797782773eff
2,0.015,0x59f3889da856e29840dbc295c2f183d3a3ab6db9daf25fc44369b8a893d8f8dd
3,0.015,0x4751cfde90ca9a95f2ab98d32e0b1058eea0152adffe7edfaaeb69a4d105d1dc
4,0.015,0x3569ee9657e2f1f5c877cf9faa288d581b9df8891f935968f0771b7e8c9c2c88
3,3.0,0x2bb85bbaa123e774fd604aa341f89157bea8872ea1525be910708b6cea076a14
3,3.0,0xe6a9cd0eb66ed2ef34170c08e186f43a51c845a6cf3095019f7dab4cfd2e7a76
3,3.0,0x624ae4c8eaa4da52a5adf7dcb104d9f80159d23db8c93ddb130f284a2db94978
3,3.0,0x07fad638eaa9cc900045ab403206dab5c9420b7c8857f61fe7e08bf3d94090e4
3,3.0,0x8d15174334bf4fbac94f8bee204ef46f77a77816d539741e8d05143a2e1448a6
3,3.0,0x668ea574ab29a586550cacefb6ba4547e24aadc295600b9e1f1f757c4e58c40e
3,3.0,0xaa39c397dbaf6a1dc69b483f70290d87842dfe17c8c93bbe25ef3a17de833629
3,3.0,0xd57eae8583844d430dfd22932512b015ef36c0d842e79f6c41587f61e587fd14
3,3.0,0x7a5fd43fde72669350624438082acc0cb06d7b8b519f158de928e6c8dbc8fc8e
3,3.0,0x08c893c404e82dbb8e2f4a866cde0e65118b50c9f2a2d7c4c926990819ba44d2
3,3.0,0x90e11acd7a17f6cb1275acb42af3f3fd5ae43fb6e8fe44b807efcad107a567db
3,3.0,0x341c7f7b96366eb398bcbda4779c52fcdf07b85bfca53deef627e557ae21fd12
3,3.0,0x2194157b078f96ce8c1e503e669fc7188b6fbe14ecd5d5774203c893d24d4a36
4,0.3,0xbac1e704073f844bd01a2d29dbd97aafbb2523f6d674fbf89f34327ea2f45f5e
4,0.3,0xcf62ac4ece71773e3b4ea2db2404dde16edcc38b2fdc73108f5ac59d6e2937be
4,0.03,0x9656e04868c82099a50976fb222074c7f3b8abfdc258ddbb18240f18ad43e948
3,3.0,0x6da080ff81fc06613c3f0c8f1c22cb1ffa839e1a497dc7eb1b7434ca43ebb9d6
4,0.3,0x334eda59d5b6294534053f1549bf17dd0032e90bf2049047a94e0f338104da87
4,0.03,0xeffc8769415cc37dbe066416d08f488ee4c0c57d37e44db364f9fba75a3e519a
3,0.3,0x09d3003a2bea497f091eca97f1760700dbd2e146ca94b70faeac24429fa92da5
3,0.3,0x0411f69eeb346b4d0368380ff310d64d811980b2d4316bb2a7cccd5ddd721d2e
3,0.3,0xf1753645a0709daa0bb5354809f8e65431a468fc96138210bcfeca76a79aa959
3,0.015,0x7659a577ae1ba49b165ff35f9cd0ee1bed9d65ae8876d0b34954617222810799
3,3.0,0xa1786b745055ee4dc1432cab01ed30d1a32d77f02f575d2fdd33b14e8a709f75
3,3.0,0x27a1321c1ab5180b823617da4094c3dfb259108a2c0e4581c0d3a912962146a4
4,0.3,0xaec00eac96838de3ef802d56f41c87a3a10d547179ff458103b4bc34f3024f36
1,0.03,0xe773cceafd3b2c2eb99955f539afb042b09dbbc9c27948dd0672779fc799f835
2,0.03,0x3ba7323dbdc4a9254164ac5732b516300b1c9a5f0a62273cf576ceb2c880ba42
2,0.15,0xa1073ae0d3f61b27046f8ce2dfbac016a142c664780314e37db600ea69bbe7fe
3,0.15,0xad5940911f20044faebbdcb870a74a45914c93dfb13c4b2adb2fd68a18561ba2
3,0.03,0x76db074817618d2df4b730c9758f3a2139f9fc31a738728f09fbdcb35e1f1c74
2,3.0,0xf2bb96454497f77e725746ea8efb7843ec3bbebbc3e115997dd38621acf1e34f
3,0.3,0x8b55d3c57c476482904305bbecb9f006facdb635ba61a0d6476caa6da32343e5
4,0.3,0x7fb437fb861611e66408b69527688ea3bf27f030bb1a6943dc42b8e63d8d4c90
2,0.015,0xc2d89f40363c0048b76e2135bccf4326558a81ba9d4be98eae6cbc687a7a1034
1,0.015,0x909e297ae6272839386593f0601d78d3a5531363f9fb43bafbe7c343db36f9f2
1,0.3,0x1ea8a754734f7ba76f5baf6bc8b314ba7bd13186bbc8c5187ea4e7d4b1a355d9
2,0.15,0xb5605d98a5c774c610e7e708f01001de0a492cace70273d27b6c25b542ae2f4c
2,0.015,0x7345f5dff614970acb63a0e4f4f9a440e1bea5ee6556e57c188ec26a63079432
3,0.015,0xd849678fb6f3c1166af8840db375aa82789d7715fdb9a66e6aaee16e0afcc6af
4,3.0,0x46c5e4c70aeb97c6617473b9052371e4a44d19afeb0631f6700c3dd731dedb14
4,3.0,0x341d0524d2c7c5450fe7e4b27b7a8fbe2461bcb10867ae81f76c021b039459a6
4,0.03,0xc0cfb75a976ec2d3a69ec8b9dc15b45e98bd4373d93e5d6adaa49a8a3e66e119
1,0.3,0x7ea129ea2d771001bf7382f33a314d803dfbc5a6f5d958a87a3e1e6c429c252c
3,3.0,0x3299e00c7aedf185f5e2febb967e3ea843b1f3c378c33514dd1771c95a6aa2a6
3,0.015,0x9e808d871f5d16e995498032b602d1cbb88f78c5cf374d0bb9c2a28a8d12d3b5
3,0.015,0xa14a0db356794f309b8155268f9c2228d1403c063dc4ff9f3fb1b6396e67808c
3,0.03,0x364b92a7777da749f9624e57001ab02b8bceae88626b788aa5cfd62fcbbaa1e0
3,0.03,0xea9025371f8907bdafecf223df436506b557a0bde9c64acd45b504b3804130c6
3,0.3,0xc1379e2307eb8632f979d4c9627154e5a0135dcb7316eaafef6328d28b6bec80
4,0.3,0x30b901b827b8070a211c16abce2a96a281626d3ead6b1b21c3ff3a9c358271f6
4,0.3,0xc1ff35ee2150e7158331e5f4f40608da84038dc43addf05008c90c98d17752be
4,0.3,0x33a6ec6cf5a2af4e0ed364dca2f17e98edd8a2665cbe2eb40c8fdd254d71d7a8
4,0.3,0x84cee27f76bbca838d4a996bbffcb102c72d131013b46ffbfed0d98e197c9cac
3,0.3,0x70fe534e7fb20da07fcee46f00ecf416204991939d6904031a5d0e13de43ddde
3,0.3,0x4ff0ce5cd71a06bb95a2c9c0876c363ab94c9c393c9fe51abf7df0d8b1572116
2,0.3,0xc7adb259a514c364fd234aa05bd22b5cf82cab2b0d62feb46ef0892bce240da4
3,0.3,0x5c5de8bbcbec2c5df85b14459228e8dab24b50168f200d527382b73957d4caa4
1,0.015,0x9f0da31b7305a45b5f448cbca93244c519cd2a363cfb656af73cb13553d62544
3,0.03,0x20f1cab5b552d4802fe6288fd83294ca61dc6dd20cfdaac76838f903f9ce5924
4,0.03,0x518190e7c2d356712a736f455f362623fe303a499de5f019fec826fd5223ca9d
2,0.03,0x2949aa52291356c33143e17c3627cf0071ea6b3faf6b722227cad84f8d23f590
4,1.5,0xcdfb8678684b0ab38a9457fd4370a3006a9437cb4ff714bc04613892e9753543
1,0.015,0xb8708f65a64a23a522b195cf33da12de3ffdd5e3e90751cfb95ac8c80eb68c9e
1,0.015,0x4f2e7b087ced68a3c75d901bdaab9d6c5392f4cf4ed6b0e67a3db8020e4510cb
2,0.03,0x4e9ac97fe81f1080f039eddfc7cefa4d6e06bd83b80447b2643728fc65326b13
4,3.0,0x2fd435dd6dcd07e9d41a4f3bb0b6fb485aaf7853605b65d535a0b71af26cfb48
2,0.03,0xd449ca8194ab975651e0c30daacdcfc84b2d8ee8d15ca93bdcf2ff98bf57944c
2,0.015,0xe6dc733b2b168afe548f864f54661cff2793dd166cd4a814c5794d9ba0af4d69
2,0.03,0xd4b3a2d7e64be07af022b60c996ea1959d373fcbb47a8f42731616a44bdf98a7
4,0.3,0xf4f4e8e35d7f24f5d118e2d8abbf9b3c3133ed23c677eadfa0eb98d066e6c5f5
4,0.3,0xbb82da542b10b587fda5475f571b4597fab040fb7eef970aeda859b37ee420d3
4,0.15,0x92588c63127e9772581676a0fa35de5af1ab5379f80e68de8d2d07f34890a288
1,0.15,0xb488c5fea627303ee7eccd50cc0fc513af24e124223794fdc9cccaf4b7b3d663
1,0.015,0xf4724825d6948cfa568b1b364708e7d40dcc03fc31c964fee0b7cf3a0e5633ca
1,0.3,0x152e6a375eefea59f624b97d9c78203ae2882106f000c0cbdc53da7866ac74e9
1,0.15,0x74dd998287bf413a3c5612a9b23c2db4788c383f2e307da1dca9b63324109ac3
1,0.03,0x1b54a6d73b2dbe2d764b0eaaa26318c2d6a4294977669e211e54511d4010453c
1,0.03,0x3942ede2d514e95a1209329965d0b8aa015f19f954ff96c07c8365916a7f16f2
1,0.03,0x4a6970d2657f12c5717c764d387b9e0a02c8912548322fbaaa5dca76531d67a8
4,0.3,0x2fa5ab92f238ec7587923218bfe0e1ca030ea6d140ebad34d361f31c1553b67c
1,0.3,0x7c6ce9eba0045b03bda80d46727cc99cd494dc4e34a55abc8a0d522e108625f8
1,0.3,0x9c4baecfb191e83c12b535bbeff54901595870221bf4a8c1562fdf8f926f5184
3,0.3,0xad9aae449dda2b4df72995a06a5c9802ea3161dc1aef727ed9bd97df21249546
3,0.3,0x795da41cffdaa142ef9527989ffd67246c46b9091982ee3d0ac50ee1458d6408
4,0.3,0xa3beba2ee6d5c8c034ea299d9ff97b83da491cdc6e56cbc5194a34e0e953def9
3,0.015,0x89eaf838c8151bf4d40cc64f5e4bc853a2593e1977a9d273f4d3071e78465b50
4,0.3,0x8157f9575e07849b6f6a973a92332bb0ab4f86c0ba8c27bf78d046d9cbb6b43e
4,0.3,0x86ffc0458ca9997eb97cfb2a36abf51b5e1eba7487bea2a9c5b6f589fd18b75c
4,0.3,0xb54a6683ba16c71d7638836b00500fdc6cea2b1f53615a6548c20b340542a535
4,0.3,0x1c358f17477063e3590ff2af55db63fe1763997dbdf88aec392238015188a79a
4,0.3,0x6166b6e2e38125cec3d1a00ea10e34a6aabaa32d42f5ae85e7e86f662fb42e18
4,0.3,0x890f62c43ac04fe44e85a4e7b34460f56c1dd57c21fc9cfc12f43d4289d8904b
4,0.3,0x2b73bbcad9d74a5cc50dc763d47d4fe91cfb412f37b41f28c047f69be3a454b7
4,0.3,0xda0774c2121260a4751de49a4f214d8a69fc811265fb6fb2e25905bd32590b4d
4,0.3,0xe6d051bae25f061a500ab51d3a22d977fa20d91367a9e67c6071360b38b2310a
4,0.3,0xe750066c8a4e38cfad824be10fd11b5f079a9a22f056a9e7a59bf7978b7e1b4a
4,0.03,0x60381beecf733ca6773bed73b1be66e59fd73104a052f668bb945a0b2d80a941
1,0.03,0xc67603f7f01bedab7619148cd433b68417deacb198aa5112a7513982439c8eb2
4,0.03,0x564b6265f9155e2a2c4b7312e51b76226f50bc757de594870753923ff9a43f48
4,0.15,0x4f84114372cea20d13a5f4d16cb07ac8f0c85fc26418d62ff6e83105a27bae6a
2,0.3,0xdff15a2fe38fadf1d7650f2f9791dd6d5d05f4b95194f20588db98d6e4e5c510
4,0.03,0x7bd2ff17b12b2ee994d77618d23c3c62dc3a382159019c0d41618184b53b9979
3,0.3,0x85272324694fdfba8db499402f986153a6bcf15c4cf2edb78261e487ea267a4e
2,0.03,0xc063656eb99975f30ac480652c5601da5d6f82f244809233a791a206256fb1cb
2,0.03,0x0fb0cc203b706d46ea142584abecf62e8c472149fd5bed3f2c83bb41d6bf95ee
2,0.03,0xb8527c6b0160e960e056118e3b7015a2317d9f53a32614bf4cd4849739f9b292
2,0.03,0xfe3a9b79715d01a709d58987c41daf81f4677e3ce0670c173a8b4741f87a00db
1,0.015,0xbe3183a1314d63125108d4fc63656a3051bd006b34f3eb5247c28b8fb149cd83
1,3.0,0x173c799510425c39b02d2dd6b903eb048c4ab924c59eb7e67a677e0a8dae2b05
4,0.3,0xf9425775254250f20e72ea856b6a9a3c98d59d82f605380cd35e6ee0c316db0c
3,3.0,0x6682eeaff77175b3f6ad4b4a245dc52f5ba59a452550182642d4ba7cb57aad4a
4,0.015,0x892047fb57b4bf4497856b79c6dfbfc03be341b21a2e2fd9a47b707e005e605d
2,0.15,0x9d29463c679b88458d795154a00cecf0df788dc95074e573710247611b603d6d
4,0.03,0x0f9ed0752e1e3410dd1b6664204c8bd0b2bb388a83becc844be9ae8041db7e9e
4,0.015,0x0c5e7e7b6a0cd309ee0e133fcc434641829480118fd0aedb640cab56d98f59c3
4,3.0,0x2828cd73231664bbbb880b302fb3b7293c195c4e163e05430c9ec7794e4853c4
4,0.015,0x5e1757b3cbac6ffeeb1c4e7de746f17f4240acb3193278eea7620df5ae74a6cb
2,0.15,0x547ac3e79e0c67612344517851b8b216acaf983e9bbc7eef33afc351156321a0
3,0.3,0xa18ae2317e2637ff36849e5428c42918ab1f0dc524a53b35b2cae370c88b5681
4,0.3,0x3fc48ff7102059ea78d999f8e731af68444ca3cc35622d64018fdbf5bc067e6d
4,0.15,0x448d99015ab70a9cecc7f66f02f14a9dc58395cac962393d411b59f0348e76a4
2,0.015,0xe02923402f508ff59ef7dfecda3bd002001df3bd4ff9b4dba71f01e4200824bc
1,0.3,0x0247f076f7c8dad5db81a71bc672969dd476799ef521c0a062bb6d5c2cb48f7d
1,0.3,0x768ada352581deba5b5eadd709afda86903168a8322245e39a645d563dd40f11
1,0.3,0xf614219e8876c9e54f1b28dddd75631b7197f7d6757957f1aecfb17d09107124
1,0.15,0x02856c0df3516ff5f6a515eb5ea125aaaa44b0fa6a8f5218d9262a62b3472bb4
1,0.03,0xaca6d03775380353cdce28c9f26bf26f97a31130e84881e7e86b0a210ee80191
4,0.3,0x13f73901f5326eecb50d3023fbfebb7b95ee4aaaae14943bbc66b54eb923006e
4,0.15,0xc67ee8719fab78b95ae60bfe00a3ccc634e3051d4391787c7a39be7b1410e567
4,0.03,0x15038927a698afd3b1b5a4cdb4aac027515581125722da9391e6db4cae4fedbe
4,0.3,0x7fa855f9ba78f12ea69a19d78c970b4c118cd9e5af9c88054af4ce5fc266baf3
4,0.3,0x0d8db431c449270f9dfb4dea7cde535a1e5b8be6d51077a7ac9b261f742e3ba2
4,0.15,0x106c2c16544d2756b8262a7b22c875f4f0c5f2cfa69a2a84a48cd82098926bbb
2,0.03,0x01ad790758561fa4654eaa2eda61040ecddffb9955a41ff21d13d7e5a65fb65b
3,0.03,0x122f59fa14948f83f510b6ad6a2de87076d2b7034efda137f6434ca82d6b9403
4,0.3,0xa0a843f4a73f416ee5de7d962baabd88ed70bcb8456c68092c75ff47b34bfb0c
1,0.03,0x859f77deb6b27eedd2b976077d50e7c16f5f8a9515a5ef1850f544174ca14111
1,0.03,0x950509bf5d01468c7675775126162a3085bd77a26f2fa9f5b8b75692834159b5
4,0.15,0x52a12e9649841c588fe46eea7839689a45f89202b9a49fc868da6df4d670fa48
1,0.03,0x947fb9314cc9743b46764b7f18325590c78925bdc9914d8900e683279b4866de
3,0.3,0xa614bd649c7981245d55979df8c3cfdc8c912ead29ee24506b190fd0ca7a1f49
2,0.3,0x6b7c01ef29cdc89004be2fa18315c1abbda812d5b1b6c3ecb06f7d971cab5779
2,0.15,0x933c36f67adc4d226b2b1e7367de045a24945c26a99b5d7df42793411145906c
2,0.15,0xbadbc4372108efbffe80cb16292eefc374df35eff0486d367413a46a587e4014
1,0.015,0x2b06c8c90555a8d0da321c150a7d60600d7cb379f136f6bd0b62052c9e54cfad
4,0.15,0xc2787cf34c9b44d981c61f52a990c01214859f48a4ff345624666ce2f9803e10
4,0.03,0x9e3cf956b282b3b18206f636e7a324f2c8d02c4098c1e98b15200e491e5ec15a
4,0.03,0xc95f075287148979fc9946cd08a72f40f467bfc12a620708787255b263b73fc2
4,0.03,0xf2fd4a110fb7e647be79ce2c6bf81b05ba8842f3e2d6b275679050ec9f325564
4,0.3,0xcc712c0a280b2e1049f5cd429b86fd479bdbfabcc526657c97dfee781828cd2d
3,0.3,0xcb1b1b8c6ffc1c2a6b61d5409042309eb9cacb29a3eb88c2e0184e1807a6a403
3,0.03,0xc8f1fb3df5c82bb1c11879e83781146f8ebe36b25c8ebbac48218f2e47be3efb
1,1.5,0xdf2b00ea1b0f346501e6ecf22be5e3bf90b8ce78d3fe24762eef979327408411
1,0.3,0xe0a2cbe2effce9ce18e0366dea28797732fc27e19a72fa634415671770f87a2d
1,0.3,0xdd76269533e8758f7e450e9352f3f043919b07ea431e9a472be4a6f02e9f30c8
1,0.3,0x3ae44e5f4134aa135ffef47d1c5c04fc701b4eb1ef086a93968e6990831f86f5
4,0.15,0xf70cf91df1ad10dce80ffadc3d116c805add9c4450c4e9cdb0068cbf9653eb6e
1,0.3,0x080772694f4b5d1035e45c3798f44e5f97c9c79d202b47622c8dd8e755f2f6f0
4,0.03,0x0acfd58d5da79448f0b507a8e586b994c5ea3de952c24a613d072cc27d880b05
3,0.3,0x3863d5143b8e66a8a2eade748360f9896d321a8ed9c2900ed1619896a285be55
1,0.15,0xb0d7c9ae6fdc34821e2e7d52f3c54e82da29e62eee9d2e620b90d157d1e689b1
3,3.0,0xc094a12a3a22a3d01cc2cdb8a4ab4d82bd89d9623144b19429c997aa003acf94
3,3.0,0xe9d3884aa5f84a2e435c18254ce2282f311afaa01c8c4d9798cd2a38019f54c8
4,0.15,0xb3d92149cbe4d534c4f264687eaae5fb6083d02e4e94939e07787bfbdd227f67
4,0.03,0xd2bceae126ddc92480870073a95765fce5eb88e9964294a142fdbdee9991cc42
4,0.15,0x888055d8d5bebf8ca5769e53a74548c0cde9f72510113ef4edb7a9b3a33e3ecc
4,0.03,0xe800654fbab61a5fa5e3686221caf269411f21f4c3b5c6d211d358f2860d200d
3,0.3,0xe5cc24eeba37ec1905350643db4a1d2be4d4c95c13e0e1e5ad5f2fd98ba3499b
3,0.3,0x57402b70702be34875ddfb5a3c3e1178fad86a7276be9abe5433117154e78988
4,0.15,0x574044a9e4f10230cfa48d352a9792eb3a656b635c46d2a40f2ec787d91e7c55
4,0.03,0x229709c076a95f90818b6971bb1ef802b241d798345f32e3106ba999b3e911e2
3,0.3,0xbc6f56cfd8a6535012829a33d2d241f5bb312a498d3f256e4fe79ddf35b89156
2,0.03,0xcf18ae3dc6d89b1f67e88d90fd2d22a8fa98a362a3a2ac8c1e279bd4b63b7983
3,1.5,0x53687ff9628c9fea3fc35a72dce931a7d9fab42f8bb2866e280011ebfb2f9cd3
3,0.03,0x1815d2b89ae8035a5f32375c938735e796c559d86201f49bf03d486d5bd4e136
4,0.03,0x9a50bf78632d5a98151e59bb7cbad03b6639bf080f6f88bb979bbc323f048cb4
4,0.03,0x11bff603bb5c508c28d824bb568338f31ae25ebb35d59c5c316abcf99aab0775
3,0.03,0x63a3c37b663ea2f75e46439945ff0f58cc5d3fe33e413c9711f5a923eef1521e
2,0.3,0xbf4ade90664f26ce698f4311b0c9746402fc18caaa5679d8b88427b51465565d
2,0.015,0x715cc924f566d0d2ed06003592f7ee87bda870d4ecbcf0fddf7ffb82a8877b2f
4,0.3,0x06a71478bb2c2f694093eafd01f5da2cd4526873dc60833ebd8ead96b1d37f89
4,0.015,0xa6831c3a8978438f9b5c93d9ef769c5d7faee94d1af5c3e6da89fb376e1f8fb6
4,0.3,0x88a0fb9e26c9db0bc06465a4ac1660ac32c7dc54ef4e85d2cc5e21b06e931d78
4,0.3,0x9d7c9d1be89118bc11c4d650da05634da0fd047f3c83fe2a1fc8d191a5fc1064
4,3.0,0x3ea8321ee19c3e96bbdf5bbd5df374d26843c6675f383050b6c07dd4d96d4f0d
4,0.3,0x17184e238a36328d4333f3191604d1424708016e74302041111700cb8023aa64
4,0.3,0x8ec9a1fc4c36bfec7183177a600e233edd4a70edd042c2ad591b7137f115db14
4,0.3,0x836f2271f607c8f195791ce6d19b240d879b9888abf65d64f750a395b7cd842f
4,0.3,0x4313ff0becd01f5950abff4975a68b7b08c3c872645df7cef7745773bd205fd6
4,0.15,0x21487b42bf18b5bec39b84fa41279f203c4531452ae47da64dda95502a995fbb
4,0.3,0x500d93ca5d9f5508f5a7eb994801f489fbac54b5114ecb3880dcdfd7b07c802d
3,0.15,0xa74f58c97265d4317a45c6c06d892abaeba033aacceedcce508a39f27675c76c
4,0.3,0x1f6707fc5d38ee9381e09ee46bc3084bb497e532d9ee69a71ee2da383eaeb50d
2,1.5,0x1a7d56ca5996142152d0e4e5de883cfa4bdc6d63286b616e0003c1011fcaac34
4,0.15,0x94991e72323e8bf590f6531f661c7722c0f331274375033520a7514ee357474f
1,0.03,0xdc51c6922f53c9e644a198b17228c1b346218d42c754473a0293891cf3605807
4,0.3,0x33e5b784e19a4688c0f0c0e188d1817020d464b7f6339ee582bc0de444a4c621
4,0.03,0xd3754baa8dd361a8a5a336881f02d48aa9a6f9645dd7e128d6c29bb1ea771583
3,0.015,0xa552fe04991f81a0d4bdfd1d95f35af1c8ea9c81423f97fc63d4c09897dfb0f8
4,0.3,0x72c12eac9337e5148555d4145c1e70640b28e599fe237e08a91239b9f8c65288
1,0.03,0xbf64cf201485a6c653ddd9ab9a1a4cf6249081992e6b8c705235ffdf4d76f478
4,0.15,0xe5bec615a4a6a498cc11815d5c3d390f5e31cfa389bface7b85fc1b465a9c266
4,0.03,0x88b0bcd9ed1bfcf6e19c952b24fd84d23c01f671328caa7d4f34c0a908e09d89
2,0.03,0x0d39d8bd6395ea4b0b21a914901f978fbe2259432bf3b6f1c139e4ede209dcb9
3,0.3,0x90eae17a0bb66a9f6f2ea6348a8bd6e7f78ccc5959ac526f32a782f3b8372a2f
3,0.03,0xb333168be7b8a2137ace79e21b2a429103bbd6906525ce6362d77a1bc2ec0228
4,0.03,0x29a7ea0adcabdb7ca1a5e09375abb576b157c9b311ceffdfcf0fcbf04a8e47e7
3,0.03,0xeefe13669fe4b372d12b0eaf86109eeb7c397b7dbc08e37940054f2563a269d1
3,0.03,0xe8e01c6679c8dd12a4c73d5712ef0d7a3a36e7639279fa750e248dd64e236c62
4,0.3,0x2964266472334443a9227281784ff21c13bd3c7d4111fb66bde8741e77ee17d5
3,0.03,0xebffe7d5411e8c29b4bc6037fe1b860640ea6e8786f5b093932eae2e20b81514
4,0.03,0x013c14e2b8fe0e76957e5d889bcb048dc2e1a0d50ade5f4baee0cfa4a231958e
4,0.03,0xa29a8d86fda429551bf8484bd656ac0575c702f472c57b5a775d7803631634aa
4,0.03,0xfd667a0ffab51948fd98aaa5a1a134392282e6ee4d5165fd423020526df6aca7
4,0.3,0x9e81f183bda63af25cffd009e2093e550de61663bdd700848fc1d11858286e89
4,0.015,0xda18c4247753363e06bf27a9c29f568766e0a26e4ea49cb1455c97d7a70bc8a7
2,0.15,0xe51f3b490f4026aa8bc4b881c10ef6bb904052dabfaa1074a619bdb069c749f9
4,0.03,0x27a093cb031bd800be57835227f70d7bd810f669c0b0cbc0cdc0d8b942049abc
4,0.3,0x1c582dcaa6ec0668474eb6956a31faa362fe90d0e76f49e7ffbad2b69be9a6d4
1,0.15,0x9308e521b1c3fa227d4db77fabe62d0978fad38a689f349c1a7a6548ae5af00e
2,0.3,0x364fa45163b8641855c7e23b55990006d4bde6128045841619ce9e255f784ea4
4,0.15,0x02197ca1f1d5d8fa643db96d03a84495d13a6af880584ca03bf13fcf5238c374
3,0.03,0x2d2503758dce4cff4a12019882c5b57ede5dcd6eeca40d8566c6c4016c8600e5
4,0.15,0x1126be69c3c2e6b2b7601e75c66741f6228b0265f70b6a495ee7d01320008b21
1,0.3,0xe9aee761347035b873bd983fc3f7eeee17647b61e3b356e7a1d99013bbfacf44
1,0.3,0x17e70116f0d5a540de9f678ba8260552a3f15fa058d3654c9f54cb4d17dcccf4
3,0.03,0xb804798f6e19bd26ed60e35396ed5f1a06af36aaef2ea9eb659e66155c9cbc60
4,0.3,0x9a94219552a8a69d1cf8f8bb672fd2b08a1bb0a867fb9891f443c3b823a1cef0
4,0.3,0x01ab3276c8c1a47328c20e61765f834c9c3ff00639f7d20abf939289a7ff5d5e
2,0.15,0xc3e20e2486d0d4047dda7b82626545da5c96658965ec66206b8b720e99a8e1b6
4,0.3,0xe00ebf7ca42ca3a60a14d7226bf3d219c17d8a36f6759cd760b957ec91c2e4ce
4,0.3,0x09813beaf873c9aefae062d971ed85c44b0ad2f3559edc05f52352edba723292
4,0.3,0xbfe440bdff81ce240ba8b41a38df01e578c3811ad9f8c9aa8d04e5a73632d38f
4,0.03,0x989f0b7ec2c81ce8e10d998a6d4ac6b295dc9bf5210ad3984247a39c7a4d85b1
4,0.3,0xf0ad67868bb6df35ac04ae800263820a5b2115a5dfd2cb47bcd9ea864280edc2
4,1.5,0x89ed2f844ab358941ab90abc61e5bdc8aa7bb9b9f6bbd4dea4a7d807b282113b
4,0.03,0x02fd1056c7d3f7ac5810c0f2f6e145b71ee0c2a9bb04809107ec5986bf9a8a36
4,0.03,0x1447adf4c7d725ef14a2c653fbd2fe7d8341b8c0f7b20443c7b3a3ccee3ef33e
4,1.5,0xdf97e9a2599f64d4d8fa0569687ee4469c33f20e50770aa12164073ea66b6fc6
3,0.3,0xef2019fc40b1a7eb304dae6d19d3498767882bdf4b53d186d6e87a8100120c0a
2,0.015,0x702621cada80a68407eda53b46ddd96f92ce997e7e225b673e638f11b03f01eb
3,0.15,0x7ae1c2fe87cdaababafdd1dc753bbb266c23598c1db1457aea007363aa187e96
2,0.03,0xe63f9941c5259f20eb438f7a69abee64828d85fb0c0674d2e43c993c81c3d55f
2,0.03,0xfe105bfab4afc88f9e798467ffae4de76c876dbf1539eebd403ffcb914f90135
4,3.0,0x415af72c44a941ae8a2efe5a37db32e296aaa7b8f05511483ae999d5b5f537e5
4,0.15,0x967a5e50ae0a22ceb8c8cc00d56f02270db922da9eef3eec9a1f422b1f6d993f
4,0.03,0xf1f30ed7bdf6db9975e2fdca0d3b7c1739763fbea6834e3c80ab7721e13ff0b1
4,0.3,0xb9e4edc83b9b6dcc672868a77bb208690bbb1e32a107c5e9e587be2e3a35418a
3,0.15,0x7eadf3fa589632aaf95583c4c18c12a9d365e8e53f64ecaa3a16b218df502c55
4,0.15,0xec9a40a453ed9106452bc48d20e091e3fededab8127e1e495057d8029b40c81e
3,0.15,0x07c83fabb91da71502d367478b80ad6a6fa74fc0f311f9f72e14804a98e75322
4,0.03,0x00b25052f68fb55574d5152e707bab02ca3fd4c4f55b48a389910ec4d6c61f3c
1,0.15,0x2f53bb3b550f8463e3bcdd9363bb759fd1f1c76fb16c6ea0109f45588331a065
3,0.3,0xf9d40255de26f030b148c3947ce7a2671419b5ff19c509a0062ac8ec22b8684b
3,3.0,0x7094407cca388aedf087bd123784651f87b5ad37a1dc0c2ffbfa21cf27801a98
3,3.0,0xacddab8c58ad29e9e3e1935c0cda3d9193b7832c8d3929146b08183805a9fca9
3,0.03,0xbd584018e5c82fe7d53c473e1654942241f32bb916bed17991a6cd2ea0a64064
3,3.0,0x7a57cdf44b36cdeeceddde7d5711f1c99522f983cf6db1028c9f31807acf8672
3,3.0,0x9cee3109d987e0848550ab1fc16e6c2095e782798987d451f934033229b8b729
4,0.15,0xe0d550dc05a7405ef9bb37f54bdabaf98e8ca7a864fcb41fdcb7b409eea8874c
3,0.03,0xf3b6eb4e72a05a307679acd3c16b269e811beef76454b8344d3be23951feb9dc
3,3.0,0xb003b8ddcdbdf412b9ee6ec6074074c8fa23c1f17272bbd25cdeec18455add8e
4,0.3,0x3c5b87bc71fe1eb51ecb6e6e0baf64edba15070e687f06949d975f646994803c
3,3.0,0xc5ba478bdb3f18b0b752e50db29fd50b42794dbae5a09dc6eac942e7e34e0f93
4,0.3,0x868caf5cb8287e49ece27a01490b70c284bbce5375cdfd5ad8ab12caef67499e
1,0.03,0x0b13d535c0dfe7a477f58ddedc83c59823fcaaa8fba332ae769c4966b0a530a2
3,0.03,0xcf44d7843b391d2f30fbef58d964912914dc809e0ea64361b8ac9cc184cf3e8c
4,0.03,0x58b0d71447884fe2811ffd8626e0c63b1fe7af1f6c3b5ed070253013c90e2e49
4,0.015,0x12af72564a6182b140b4a9480c1f3756c57c5e05dfc2c90055354e9deac7596d
4,0.3,0x4b5cf79e20637b340cc42ec4f282f83d3b5797beeef75cb5d793453b613fb0b0
4,0.3,0x34b54da3c27ef67f9a42d2e146e1bb2e85ff8c6967f14d8ca52d0cd1dae27612
1,0.15,0x6d062ac80b4dc07c3c80a18525ca3d3cf6f2b5e4b9ec2bde12b58b742eebb791
4,0.03,0xa5420b59fd0aaf5af8b6cadae4f4620acd73b283c9d112b4b099359c5aebe449
3,0.03,0xa77695d90fe28a64c9bcf9ad41281b4eab9d0ba426d7633b537534ab51412775
3,0.03,0x546f3a067b3d5b1e13ded75492a02e8f3ed73383b88bc4831ad1d1905c062a06
1,1.5,0xb7ba3ed5bfba1668673240166eea5865aa464ca290e972784ca630c7563a2d2d
1,0.3,0x1df089cc2308529d5bbe2228dd78805ddb57dabaea85302275cd2c977c5cb8a0
4,0.03,0x8a9e277bf4d7c88720722f589ac8068c88856e6d27ba44caf0414310ed244fda
2,0.3,0xfd021ea19036e1d0d20f4046201a4b04f34ff5c78c2df360af5906565ab84c0d
3,0.03,0x81a41d8db532f632ec620e7ec0a9bc7cf28c3aaed16e5442e2ffbf699a07fa5e
3,0.015,0x6c8c9b6b54aa73610a7cea82390a6e2abfcc7b4996b681ea79c8b8b1a25fecd7
3,0.015,0x6834cd8ec8feb5caeffa18c4e307dd46ad18dea3628fc351e81e08f6dc6e53c2
2,0.3,0x41d05dad3d97335166ba55fab14946a5d2a856211ec01e6ee5423af610f54bfc
2,0.3,0xcc0badb68b0605e9b2afecc93550c58618c80de836bb5d230a70658387f7abc9
4,0.015,0xa81791410c352472fb13267bbb60ef34a048defd6cf1be293562e2940e69c1c4
3,0.15,0x629821fa7878b03619158549056ad99183f9287700a5bf3027b5ef31043f01d6
2,0.3,0x73a85de011142c3f4b27d75dc85d3ac05a4e6eb2cb4f34d9929640c986981cb0
2,0.03,0x09cf6e7687754e7a3f03040b95c2e3dc09b3157caa07cdb64d165b6f9e4d64d2
2,0.3,0x1dd7be9ee8be86e4a12384f3e575da662a9d635ae1ec4d651949737b9d8a18ed
2,0.03,0xe382df90653da50161cafc6aa4aa73ac2e8ce40f41efea245bf72dd222b58b85
2,0.03,0x995cefa2d97e39c0a5da0044ab1b504337fc47ee301a7f842aea9f253defbcec
2,0.03,0xa3b365feb3796fc87b30462955c245965487f101ef0739c67501353ef157fd18
3,0.3,0x3e1f80eab624b23c7c3fd2b640bc8052702b74bd85cff63c7d7065722c201685
3,0.3,0x67cada830bf7ab507cf8a7e1948858cf5c4e2fcdd1f08f64cde04107046eba74
3,0.15,0x592d145f00f23f16785d13bc102c39c437f77cfd844b1ebe739dc492a4f75f52
4,0.03,0xf271b9d7edc3ad77d8a1ec4a58dd4eeb11cb0a3023b7896140777e4a65af48bc
3,0.15,0x7159acc662224a97412fe01b18faf421686473d90d687981e65fbdc2ad84aa50
3,1.5,0x1a354566b06916f815345ad61154c8bc6b03cdc80fd778b920f6cd7b2bc5f184
1,0.03,0x81c754e04b1fd2cb5eb804fa596be96b3c82de04796d814a53ebc0579fe67f59
1,0.03,0x5e9c2e8213cc82d0a85b84b209248879b6d96ca1863f4a52df1bb28a8272c5c6
2,0.03,0x0f7bedeb698728e40a089ac7b163c2b076e7103d98cf987b9e693be8e218222d
4,0.3,0x3324467708cfd0df38fd7fef5af9409cf457641c16f7fbb1582a9bf5eb9b62d2
3,0.015,0xad32a4434b4647e437f6f1b7fa3b306c9537fcec6343000c52e6f1121340343b
2,0.3,0x79cf723ecfef3a5a9fb5b7e126e681a3856693159dd25a07710309e138463936
2,0.3,0xd6e115a88eda2504834ff8eb59de0ac6529dc86423f6b81bc0e2cf7d7dfee6a9
2,0.3,0x0f86fff90551ac132172e31e8e168e8526debfbd96ed386a0b07181445e564f7
2,0.3,0xa258424f46d34f6854ffce69a45b359ae88f71d2809c34c6a486b23490d026e4
3,0.3,0x50028b3fbf1bf3db6a2e2eb84dc3ad2aebc5499fcffafcb4c9586c03af1f0ebc
4,0.15,0xd871c96fdf3c34461055e48eb9f76a801bb6b287de6d33cdc96ea585d12a2af1
1,0.03,0x5e85bb7dfab1baba957942010cc310831683726785fe6f240a5aba72c5bcecd0
3,0.03,0x1eed0e7e6f46b134147da403399478b2fcab46ffe9aa4a5728dba45f413d223f
3,0.03,0xa330b1c9817b2eddcd84a57301ac88295bfa4cdc310c9bb62d203a0d6ca1ef3b
3,0.3,0xcfa7447c5665a10aff80293695f14077e0690bbad7e0c513e82fcfafaf197690
1,0.3,0x01eef628f90fdba8fcfe08fc99acd90ae7f44efcb6eadecdce0cd6d35e4f0200
3,0.15,0x641b20c211e0e47f34130758f03689cadf4af4346998257fb5786e1f07855c0d
4,0.03,0x948eb786deb24911111ad2e0dc53391ad1fca4fbd1fc547fefbc55174c931949
4,0.03,0x22d8db72d25c850d131a31e8e71b99e863b39f03e104392abaf9709af5d4da02
4,0.03,0x3c8f43bbbd8a58e2a29ed0878e03db2fc427f77ec6307ebacb349c76783d4d54
4,0.015,0x111accee2d08cf480b0467377c8b727234ef39763f248d1b5067c0c30eecdd3f
4,0.03,0xbc25ee4e634e05eef0b1995a36812062d85c834a21674bd903c6bcb8214a8026
4,0.3,0xfcee8de61462bf0e4293e4736ce55f6606da9cfce16b5047c5231868b52496e9
4,0.3,0x20adc38bd6b204a3fe7d6addc475936dc5677490cc0c15872c00391d8ddf375f
4,0.3,0x50cfc9622fafdb2c9754d42c1288e486a2dc60268f99f50f102ac0d7b7dbdc7e
4,0.3,0xf8c3f8f74686e9bc695818f5f309f89e7bf9e962fb378b942df015d41335fab2
1,0.015,0x98aecbe13c0e73da09141d0b525fdb684ec65699c24293411dd4c62a7e68e842
4,0.15,0x279159b0a0c07101d88a920f7ef59b890a6e9fa2417b545ff4b9c9d63de92b31
4,0.015,0xd963feb3eced628a31dbb01004321c2dacca1b851c6cb34212a0f6d28a19b82a
4,0.3,0x86a6639ad887519ef685211a0ec157fb2569beb1bb0249daddd7ebcf688065aa
4,0.3,0x3a008e74745fdf39c295df4b7ee0c0ecb2e152d32c728a36ff26a1a4e49ee638
4,0.15,0x903c4c18ed97c53ff3d3a8cf28076026b012505b99df3804d8a26d5235a3036e
4,0.03,0x68b77d5c52c8fbe58c0c6dc2ecc77e75f4306cd192298af0bf4cac069e213dcb
4,0.03,0xba46357e6819f90e98947e701c927699a81a9a88416af6f3928f0943874cd836
3,0.3,0xa3b08f3274a807edd20950a29148bb0fcab9bdf1a975e34b404c09c60114dcb5
4,0.015,0x96bd0143ec09a30873d2a02c1b1a130e6e8f74a97e657e7255439c4f01ce7310
2,1.5,0xa7823840f31e3fbe4a5691fe44315b826df662c35940a156abcbe04142fcd760
2,0.15,0x89a3c9ebbcf69ae68a085696785716af250dd89d2543629a8a1b3ed441a7b926
3,3.0,0x28b379e8cff6c256e3c08d60f9f7241f1da95e5de3837eb9a0d76028240693b5
2,1.5,0x9b2974d1b540bde62482ddfd717b824fc62252b60707024cab66756326f46a9c
2,0.3,0xd277d015b9d0626bab52c818137cab0ebeae810429d58be41ae66860dc3db024
2,0.3,0x35049114ef9a9c5c61191595fc6d639bf2ba3856cee4c651cf2636e3ba6330e1
4,0.015,0x3d0b715a8bbec34506214e114f77c618f96712b3f057afa3be2c80d9d16a1109
4,0.3,0x157dfa56d0c41c2befe8da29b5d5a91afcc45102518255d8223d31aef258830a
4,0.3,0xf88ca1e85b94479a9275184af6ad8d1de48af4d82b6f1a21e6f00e3f7122b88e
1,0.03,0xe996b18052dff540bc65bbb6e3b11518426bb45196f27d37327159f1ddc23faf
4,0.015,0xa56c003b3af980d91855c38bde58cc78f475dba57cf0f2977ec1958aa2dca5c2
2,0.3,0x7077c3e5b9267e44f344ffc87bbb474b737cfd06acafcaaf723519fa6ee7733f
4,1.5,0x947f6cd9b6419ac87ffa91214471204aee8758882e003d6d5369b4a88dcb1026
3,3.0,0xc1343c7b7fbb562b88fc5b969a102f8578ff24d7fc19f968ec14311e34fe7a43
4,0.3,0xd2478dfa264e8cc009e255ac15505981cdafbff3af77dee72911936fd59bd3b4
4,0.3,0x3d409d2f35218fdcfb95a651c03f68bf05f3f04e5ab07d067d88b8d71ba4b884
1,0.3,0x53bc1ce7d9c6969c7f18366fef6c3820369e62b371a53f7d793f09abfaa78663
1,0.15,0x616ba5ffc5f02d7d20885d731a638e0c0b4ec6cd3334824400b461d9eb1f6ede
2,0.03,0x0911fd43d701f8633e500448292d56457a8cba9f80dc11168ede7eaa2c69f994
1,0.15,0x3ae5ff0e76a46499d22b1b1abe83d44ba623ecd58d36881ebe0a1a4e83f3c7e7
1,0.03,0x61462efc0cd0354fd3cd9f0cb2894fbf463e4f236ed0cb8cd45971cc51d218ea
1,0.015,0x3ebe0e8dca25d94a0fd466564a0901f477dd82d3a91ce1896da9c542ad869eab
4,0.03,0x05db9ca5118c041da9f3fc74927651d9cff3cca4aaaf47ecbd5787e62b230b96
2,0.3,0xd90849d8f3bd6cccac7b42dabe9c92717b113bd731db7edf6d66ee1c1f0e54f8
2,0.3,0xb6500aeea6f8c21beee2e3174517b4d44fdebcd6fe777240361f8f7473b1d7fe
2,0.3,0x6a3306ae827dec2d3a05be231a56bf52b551b2faf5c71106a3bd7e1a226eab48
2,0.15,0xb6a8c777bd3185945deba8ab3034105d8a213e1cf556f90806087ea30f2663a9
3,0.03,0xfdd83cca494d6110eda272fd11616a2c8b3796511ede7052659212177b769a1b
2,0.03,0xd322aceabf503aca7f56e4c70b688307a4ab3858102dd9aff5c6060b1ad41acd
4,0.15,0x8d058b7de77dc0b8d6fc340908ff5263fac65cc4907dbdf51b16aaaf21a39660
2,0.3,0x4f5e2551414bba5df455737c9f3e803023c7c5c3599832bda3892ec314420f29
1,0.03,0x2cfe3ea29deb0212b8849bcd3e159fdf53b1392cc512fcaadeb06c4085fb0d0a
3,0.015,0xbd3d4afca0658d61eb5d8d15882bcfc029a0bc831d12331ebb9fb10ec448611e
4,0.03,0x22b7d80e3908097b47ea54e8cd5432a613cff25c218fba964f2d32d83ce6989a
3,0.15,0x551c98dd944ef017265ff34bd46376eb4a086ce98c0de92fa22ff2ca7030b1e1
1,0.15,0xf5a7b38b03bf3a5bc13719a4993287fab453ed7856b731893c3d79c75f973a84
2,0.3,0xd5dc202faa3d688ea9695273200c5c90b532bc0cb551301f9127b6813fc04e97
4,0.15,0x841ded78a56d344fc7ff49ef0a713896bdbb629bf00ea7c1055fd72b7653eefb
1,0.015,0x33b2dbb7b3fa28a10423086bdab02106661bea92c2b13d90bc0499c17a08d77b
4,0.3,0x78056d7dc2703293c46b673a42acda225534076e9479e55496e99a9d37338e3a
1,0.15,0x31c008d0146903795f4a363e96538aab3b9afd7e1c19b32cf865281ea57025f4
4,0.03,0x0874f1c17a4b0b6c2ea5a8261f609b8e90f3fffe639dcd1f3c12125d10212a93
4,0.03,0x558e0b435878e69b80940b4f35f9ec453623c4a309ca57ca6312a33c677fabd2
4,0.03,0x8f8fbaf20f2f852d3761a3fd84dfa7ceb96444a9088cd792e51bb9990dc11030
4,0.03,0xa8cd989d820475b3c86e8904048c464d3a7bccd506d500bffa13c07c71d170d6
4,0.03,0x3195ac1a0fae42656f7bf337b9b202c26ca6228316aeb9d2a540a74781c1752a
2,0.015,0x0adae45a790c93ed353ba26b8d4f9e3df904ceed4a0a8d23c64f843988af33b6
3,0.15,0xce03874fd24cc0bc389ae882cfd4d1ae61d5a1717438ce1c5299c6f2ee16c241
4,0.15,0x8312d999f86afd8003a715cee4630666ce2a55215549dedfa5255e44e30ba84a
3,0.03,0x280cdfc18041dfea04ce4162a001f177904a869dbba01dbaadedcb28148de310
4,0.3,0x7e836e3c8f68f91d711b0586db335ce740c56abbbc07faa642577153e70cf17b
4,0.3,0xc36631c002cc9e8da01f642b617156ca43022cc73bacc49b080f7d12a2807d8b
4,0.03,0x2db14f61fffa618eca544fe568ffb6af76eef35ad59ef8cc56af12560d3dc365
2,0.03,0x88e9d9e9c32ecc2b2f9c100985cf25a41626fedbad0a52f11053ca1cabaefb93
4,0.03,0x553bd04a9c05d29f3f0c8a3f3dcf0f53a0cefacc34ab27acf1f582ea1747d9b7
2,0.015,0xd596218333972e1e1725dc0b2496896e5119f56799198432ff39f6551492dd16
2,0.3,0xd3087ac04162db5906a9b3e07f6d7a550ce45090ad05f40c2751646e3879cd0e
4,0.03,0xceb3b1f512e9b9f996c674b80b77dde9d1daa990178f37bb49ef08e97b84b19f
3,0.3,0xf02c22b347b5b477e654fb15671f7c356a1e19ea8bcf55d54295fa37a118437f
4,0.15,0x78ae5471f51888f267085b78c315604b93a4a4845c3551cb445a5cb2e46e7db1
4,0.015,0x090d9a16332e4218b36fc755c41a0051b95c8f64ec998042ffc33475ae220e15
2,0.15,0x3cc1ceb0eb7a0ebb5c2b7366a809f9d55abb7e6357139f59824cb44c1b050be1
4,0.3,0x62e63ec2f893eb24228d9528add9dbb83b5d6c189fa2ff237f10130d3972263a
2,3.0,0x53702ef806c6d8ffa4036ee590c256f6b2dd3cd10dd70a4ea7caa0ab45103789
2,3.0,0xc31c57325d3266703b0af084d93df0cf0b53cad97391b08883ee12bee77e96da
2,3.0,0x143696b2475a75b864f9f0f468040ea3cf7f48f82f725301e4be19a9ae7fb0f2
2,0.3,0xbdbe46f27dfd540c3c3ba68f5b618caec09d8fe29a43098eda47788d1dbaeb75
2,0.3,0xf9469996e88051c98b39e3df7ddbb2cb2d8d405e29fd3f9f1597f74fb2d9cd38
2,0.3,0x1c4a866eea0196e72b87ef430baf2726c539bd7a4fba042a2945fcef1e98b6bb
4,3.0,0x550dfe59573c2d659b332f3cc5f89356606df8c93d2eea38e523d2b31ae2dfa9
4,3.0,0x463f0f71e816a7b9656bf054ae8efa395ddb9265cd92d3508d9c36e3515607ce
1,0.3,0xf8c810608a135366e5950369b6a37be149aa8ce318ea9c21feccf13b6fe6f3af
1,0.3,0x924be69901b6763bf456f8b2ecf2faea29f1ee3400f2ec2bcfc40cc4641ea293
1,0.3,0x738c9d69d307157798a76620b47e5db0036d6ae1e1522ce7e9af0d63b6927769
1,0.3,0x727c650bf831959396c36c52c067b23b6dae6ef1db2cd13338f6dcdde5ed6ad8
3,3.0,0x0478e3889783273ae53dca831198a219cbb4d00ceecefa3741808b89545831c7
3,3.0,0x9596630a1769fa262af349b9366f7b0981caafb762951ee3aca21e24134f18fe
3,3.0,0x945897de928f406b5609c4b148520379fd8a3ea0a7ce257976b3015168bcb88a
3,3.0,0xc4d223e41e2cd3772a96970daa23f33f0baa2fa9aa7fae7203adfff209f55976
4,0.15,0x73b13f16dfd7b5f4c7f507d866734176ff24aa5699500ee7a369d8280630456c
3,3.0,0xc25e6d1494c86a126b8a979f632111b09466d8a356109f367bc38974e8480f36
3,3.0,0x3b38f78bb47d5cf2ebfbe6b57c159204f0e186ac8bfc1220bb2d00c2894a4f5f
3,3.0,0xc7f3a67c5b487ae311fef8adaf49aca27afe5b71bf8dbd7067d49076907c4707
4,0.03,0x0541ca50af12f0fe0ab5cb28cb3664e286533cb2c71f9d704187dd7a4888ef91
4,0.3,0xb7cca94d77cb1968c5b9ba0a98cb3fa70ba24474544615b0d5268a1fe5be31ed
4,0.03,0xf6f5e09c806746dfa47bfe19731bf0bb769d2ccc70da9a041551b9a8b1d6494f
4,0.03,0xab78c2ca5624433fad97492cf6e24b631227ec93868d92b2d7fafe055f612ff9
4,0.03,0x286da5b1c9acde8fc5bdd7f7fedd4ee744d8730345ff0a1e658dc014ad789ea0
4,0.03,0x39275696c42d630d9160ea9fd44d075d079de16939d74fbfaafeda24af70ccfc
4,0.03,0x55498720ad5417d9912755dc153b895173b325ea4460fbd5053963df1dec3425
4,0.03,0x87b6ec360c6361e8068c924b6fd77b207967e6663fc6ee838b21542168cc5149
2,0.3,0x0692a1f05d280e87563dca28065ac9a191fa08df95dcbb74cc7a9d3c2f16d58c
2,0.3,0x7b16b4eaeb76c2846090dce936b326fe78e4f868f9b4ce2b91f93721277d00b3
4,0.03,0x04c81ed3c20e050d3d9653a279564ae4637f3229ca5ed11bf8a062bba9641ede
3,0.15,0x1fe98430908160886ac22806157dfea899d6a957db02031477511a4f2419caef
4,0.03,0x4dfff87ec7938317dec32e5b57a9ece45f0e3587781e8897d0a51f50114d76da
4,1.5,0xfeec15ae1722b844307271399203ac4eea13e7c479156a4f105bd149dd96c4c0
2,0.3,0xd5abce548cd725b5076b820b9ee8491f01359ccd3fc34a066cfb77eec4dc6227
1,0.15,0x7308f6df0a86318fcae64c5366c6f1f4db31ccc999184fdcbad00be3aa45547f
1,0.15,0xbd5d22f1352659116aa942656495877b2b9a8f2f51b73f245ba4adb5ea13cd9e
4,0.3,0xc7a17ffd56c2de0e5bf4f8d416191fd6b62d2a980397e50c855b0317e12273cd
4,0.03,0x6f03f33f944436d2a35558d4fd2b77e681cb2e9a84e4682490a1099a614e0987
4,0.015,0xef3acaaa96ca1a2fa23a139251df621cd6467c3b554478937ce1bd2f93d2825b
1,0.015,0x60d7f4cd27467df429245402adc3ddb6f3e4ecf2bd91a7207e45775b73c523c2
2,0.03,0xf7b2e1915254408dfe0e7022ce2e7cddf97ae9ceaf81fbe2850047388b3aaa87
2,0.03,0xbb8c078a61978a3ab7821137c3bf259f8d965d89e31bb2c1ebca2cafbd2715c4
2,0.03,0x5352b3dd53d39fa23a99eae12ce9e1a12f1b40dc4aa217af3190eac7f6e50f87
2,0.03,0x359d9391c78fbb665987563e6f2905b3319f90f4f398066a160393ad38b4d06c
3,1.5,0x3dce45f4d03a4372b37c2953025577b4fe0ae19ac58ccacb65a1a741b31a2891
4,0.3,0x64c172fd5537cfc1b591f5a1f2c755f49944448d120551307560e5a90e72cb0b
3,0.015,0xe4b00712f9f4868840f441eded961b6164b61a9eec0fb5ff82b9bef4fea771a5
3,3.0,0x1faec7950b58e3388c18733e2e7554b0a3f4f04555e7235785f81ad7794fd71d
2,0.3,0xb5c8dc3fc94e86d64035d2075bb45c8ccb2c9430767b52165439e6c486577139
3,1.5,0x04fb286127569eda67ba944c7483d317884e4f09101da8e89d28d1fd0f305c32
1,0.3,0xdddbc4ea322e60931975dfa041cc969458e4a6ed5024a7575c35702d30dde0fa
3,3.0,0xbfcdb903ae69a3c78b16f5527e9e6a996a0950352514fc2d14ac2d09573e3a10
3,3.0,0xb28ec82c811ee1a7feb4cbe8c868eaf0580ba1da1fc2f0b3a1634c245e33ec4e
3,3.0,0x7ef43be2d9d5b300d091cf7f36a206e6aea1a5f4d6e3e8af78174b2cdd40b5ca
3,3.0,0x7e6b63fa302c30ddf523351d0cef545b1b2934d91a288acb45f23e142e12c2a2
3,3.0,0x19fbb040cab20d05165681271b232d54334dab3c926dc6fdc80e145202323ad0
2,0.3,0x23669c39bfc08592700ff923720830af7a394d1fca5599ebe788941935ed7287
2,0.3,0x5c9d24d7b7ca3c56c3a3c5f4c742f210c00f83a95c525f6f2186c638920113a0
1,0.3,0xc63bbdbf4c6f82a24055f525f52fa3aa83f7f7b234c26b656f4083acff9f3736
3,0.03,0xb7ac160729b16c28bf1b52e687c62eb423db5ee92bfc389e713c154129227c62
2,0.3,0x382d01e84b6fe7cab020ea11e8074df7303d1a4d29c0912d88fb1c9a25be97c2
1,0.03,0xc8360a8aaf86768f50889a30c71068cca6167bf5c7f2abbf5d9d17010e83e636
3,3.0,0xeef0beb25596d44596524802d1798c37fb01fd0f0eac08645e7d0b63935fb0ec
3,1.5,0x84b6a5e9aea7575a0e310e84d3b0216797c7bf2a225642e64811e83e8f7b7e78
3,0.3,0x2f94246210ba6ef3f5dc39d0078e42a1014b69c06d380e6d67077568e39aa717
3,0.3,0xf8a1629c4b7356e5869d379c851b1016d4e918da6f4de02d865c2f7246f9a7d3
4,0.3,0x88bb17c155cc06806f4b056c90382f42e38e224dd3e56c8ab874144082da1bfd
4,0.03,0xa827cc5167c3da142b31d447aec3ba562efe890435a8480cf94d7ba050eac90c
4,0.03,0xe186c132dd465a35f9c7a5af28d27462d21f55253e310832c2cb36b960752800
4,0.03,0x021e885bd41f1e1e3eabadd0bfe41e3e5ff1e77bca38056c098e4178278501b6
4,0.03,0x885a123cf971fc5e9d78ab94e17cdda5d3c7eeef77500e298f85199e8daf9894
2,0.03,0xcbe710f6d046b73b89d3b50f25209a4e9cb6860d760e27330e9519b1e2c62f21
2,0.03,0xb0de2554e9bdd89c73d2236fd365318f05ae3e93bdddcce4a881f7d6d02497bc
4,1.5,0xc9688fbcdd4070040463d28226e876152ca492e2b866a75e461cba80da88aad1
4,0.3,0x01074da8c98034a7a615da507e150f35b05f9f82d681173e467c8ceb05cbaa8b
2,0.03,0xeccbd85208cfbbe0d0dd6c60fec9e7835ca5c911b1a37ba9a049099e0928449b
1,0.015,0x4a3403f92710746d12113eee538da8d11565ad9c82d5e27495e623da43c3d422
3,0.3,0x9648999384e58227b5464a6c2be9c6f450a5bb5a75870f164968b420bbe953d4
3,0.15,0xdd18941434cc8d372e400610aca38de5241c3e76571b47709ed80b66af3042f3
3,0.03,0x4bc047d26d79d378db40154b071e0a78efdba91ea1efedca7375555d1b311a5e
3,0.03,0xc4e8c4096040e0890128dbdc227095c2d89e88693002d6834bd5b020a817dbd1
3,0.03,0xc8c7bfa47656a273e72ce4ba18aa6e1b1f266206709f5061e4645e2246c62dca
4,0.15,0x20cd80557d53e4dc0ffb418f88546a5e28db3ac2e67df15827dc943ecb69bd7c
1,0.03,0x496337b757c8dcb726cc55af840c3ff9f7045b2ff57af3efcb6ee6f4efacf276
4,0.03,0x034cc3a537893bd89c0fb5925fd69da2411afad032a038d9c4098f589b082edb
4,0.3,0xff6eb0b0b12ec80640fca82e167bce61552b2eb9de9c1b7726f44a26e705e47b
4,0.03,0x4cab39061699332f78c3ff6724b26aab089cd64910d3b7cd6c43f7ca90a4d74e
4,0.015,0x2285207d730fa350975d08ece60b69ac2860eca91f062dd8115c56562b0a4313
3,0.3,0x53221d1c952a7a8222ac5650de1fdb99e9ad74c6a9cedafdd7c08fb87c2fe7e5
2,0.03,0xa26a1c86fdc85bdf9d6a38d3da8585794db0e7547d99d5ed7a1dc7ad1fd4a7d6
3,0.3,0xb7b39c5dc0a211b27fd4b749e5accf6c45943db7bbb2929e83b8a462be852f81
3,0.3,0x67581177ba1b59f07110d59da8c3cea662c639db660179d6532559e94d531bbf
1,3.0,0xc348cff41cc77d39ffa8fcad17154af3919798513dcbd9f15c146f73e1cc85ea
1,3.0,0xde2330c2a3bf89bebf2d79dce96418fbfd55b21b3b498bb74f9e6fca883673f9
4,0.15,0x8a4ed26285c51b366b4ee7c13e2120835d085aa51cbbf9387a3575ef2ab25eec
4,0.03,0xd7cc814f877541c6d8cb5d90f8b762d48e8778de395a1d42b6ea38fdec1c9f01
4,0.03,0xaec97dfff07b4fac1f467dd9ac07d1e3760edebd4469c5b6f157a49b820f8cff
4,0.15,0xf43e67c48c9915d547647597406ab63092ff69b2d1c183db0464911013d3f143
3,0.15,0x721cb98734fa0f41865e1edf2f9e411227598ccfde81bc9e21ed9dd09e361be7
3,0.03,0x37de294be8c61f22810895b4ddedfbe778f95ef3d5a09edcaf8ffe9339ce0003
4,0.15,0x99cfc858386b113c1b831b95e1bf3a2797e11b080d7b93eae441e846d68089b4
4,0.03,0x45a4899e615282b6bb5ae307d90469a94f897d0b03f4c663493b810b04222015
4,0.015,0x9d1e48731391756abc6d3e659c1673156a3b77058c7678735d59cc57339bd5e0
4,0.03,0xecdf8c1a82e61b80e1be93a82ad9c421990c94fc1733e5a30ed1d6de37acef23
4,0.015,0x6c39888d04457d1b97d51dffea5567689dc051445323bae7969036926c52b2a3
2,0.3,0x7564376ae6a23fca880b0f972fc2ad736ea645bb44c493b7658d5be5876a2020
1,0.3,0xa5f33c83033ad95141804bf04aa64ae7df847ef522a8667882ce1b4dc951c0cb
4,0.015,0x9d735b06a392cdc4226f996325b689fbdad032491724bd65a9bbbf421a4a42f8
2,1.5,0x52b0b05209a5750ccb1f453b047c810664a3250d3203886b88c25c10beaf4305
4,0.03,0x9f2cb7b2986b8a44cf4e64dde0c0e61b8a6ee6ad1c5b9ac6b2573af378b1daf9
3,0.03,0x587ee363a7815a81ecd3326d3df3354ceb25673b227229e0fa05d6930ab2263f
3,0.03,0x33089afdbf72dec4c0d258b96c608623e105da5b0cf53c44883f8005ed615519
3,0.03,0x9602cfe158ceb25798ac21fea6e61f4a9208d456409ffd12a3b7d2f5e4fc9e72
1,0.3,0x8d05e4f495835367b1980d8557ddb86279de9755c4e9fa457577725602ac499b
1,0.15,0xf6cdc0d42c0bc68313d4161201010b716eba6fcce2825ab198615605f625713f
1,0.3,0x06a43f446983b6a1440131e05c657416e2bbcbd2ed9e0264a42e5ad34838dbda
3,3.0,0x81a8d4dc5f6cc6bfc9f18e488711023587992ca3cc0e9d2860e2b956400f5b4c
4,0.3,0xe56556203175eb45ffafddaf5a8f78b990ee28d8ca98d2246991842573585990
4,0.3,0xff3f3ed9c484217b75b1bec882f116d550211f85e4071dcb6c37df3601c1f16d
4,0.15,0xbeed2dd58b54045f84aa787a416e582f3516bf3a97c5b749bf3888076df842cc
4,0.15,0x7013b26798ca52bbd33530600da7355ce2b7197357c06c3d46a5f994c7edcd6b
1,0.03,0x0d7cdd217258781f6c23f142c079e66c4405171445289255446c4ff751fcf312
4,0.015,0x14e2b144a2c26f47e7f5f54b48c4d8ade531be8846b56ccdf8039419c90d2845
4,0.015,0x74a2df25c65d257a621c1b25c1ce1620d623c7d09e0dfac507d9c94bf0dac176
4,0.015,0x99397e82141b30293af09326c7a27fc94bc8088dbfe2af952e0c5ef4b06b4784
2,3.0,0x944f98c4d9d41d6cab99144726ec8023ac839e76c14b7f3c070231c9e62e37ef
2,1.5,0x09f61acd67cceb0aec248f2f63f14936d6e2a2c3cf42793c76aa088f60e66268
2,0.15,0x3b4ab01be129b75c05c099d5b3050da62394620f6a40bc24693ff3095d2d518d
1,0.015,0xe5f84184608a9041ff65e4d9708cad285af4a760dd477a44461d66b7db91e35f
4,0.03,0x55a22e4b8d9cd40ab11a461aa8b3a722c190c3a2eff95cac2c08860c195c2d54
1,0.015,0xd4d4a397771d9a1b9bf045c6847226d15f129c55bcc2a7eb3cf715fff5f373e7
4,0.15,0x9af26f16eaa7592e404954d53cd13547d32424d12ab04f514621d8e6e5674bc2
3,0.015,0x67427f80e6be13f0279a03ffa83512650696e01d6075b61a570e93c390fd06ca
1,0.3,0xfc1c3716e65221647ffdb34cf97193adff31b35de285bcbdc8a98bb190987dec
1,0.03,0x8e5b1355136ab549731e16fded947b3296700b30a381250e414f44d4760daf30
4,0.15,0x579db9c489e3f5dcdda4333f4e8b925a98fcb82946652d130ca8f17c9cb74447
4,0.015,0x314bb49e6b561debca773975772c8ace7ed3e7afd07e4dc7b0239c952cd7315c
4,0.3,0xc35cf6b5abbddcec14968a16e2f2e666255905e92243311e60e9c049b8889452
1,0.3,0xb8cc11c74a2ba281ef025c4be8a383cc53c7746317947d727f0723bffc533252
3,0.03,0x840e9b85dd148ad62918dc9f1cbf943d320a6fe9955c14a9045903f13fe54fa5
3,0.03,0x7c1679143eb01ce988ee30ef67cc27ad24dd2ce71ba4129e68bec869551b6b88
3,0.03,0x1f1e08fc83939622a68f40a74c695b84d08ef426b61ff1131cc51d7e34f1c67f
3,1.5,0xd9910ef56f3061df1ab17141bc5b0f33ccd1557b26fcef1c2078b54950fb97dd
3,0.3,0x98ef6fc3ec12d23e20b1032115184510728df0c4fa0b3120ff31f3b539968705
1,0.015,0x5ffe643eb520125a41e741c60ca904ac12592ed01a0179c4dab9cc80d95ddf7b
2,0.03,0x2c8a9310b749562c087f2ea4fee651963c26fa971a5268fc45d4cd41314d8cb0
1,0.3,0xa0b0cfd1029b6d8dc596ff7b107ddd2e0b7da37b4a94879b70a3259113a2676e
1,0.3,0xafffa8dccabc2c888d81b1123c572cc8284c7c054cc326c94a6d8cc7b89d4a60
3,0.3,0x4ad0ede6e761e098b0de2ed2949354f6e67dcc7dd1381ff829eebe3ce99375de
3,0.3,0x10231c69a1e11512fdd65b4b349b29520d8895440a01580a820e49e6ef9847fe
2,1.5,0xeffc421812ac9b3d0b13f738d1c5effff2137b9745d27edf537c552f5deb20b3
4,0.03,0xb945b63a55bf070bf17e8ab5808ac243f8c52526969dde0ab16d9b9d60d9c31b
2,3.0,0xfae474bf5ba3a919c18ec13196a004ae4b0cd5f65afd466d6f2721e75c45ce6e
4,0.03,0x6abdbf7b5a397c1f68831f5f7c659805e093f76f73b83665ec85a4d80d528225
4,0.03,0xd831cf7546eb38f46e51dd24c97617fc308d52cc2b5dc4254a8763400d0f5fb4
4,0.03,0xb554eb8ef2a9f0590e3d4bfc3f4a2e2ecd78aa7ef3b9f04020a8e582d8bd0e56
4,0.03,0xbaa8126ce44e8ac13dfd73f195dc8bf91a54c9a6ca5bbcffb29089830a85e2d3
4,0.03,0x2faaf813ad2b2b2c0d2265b0a1af2ebf5ba91669c9cf846712581bd4a02cce36
4,0.03,0xcad373c3b3cd6323356ae8155de3dc5f18c794ff64e7d15edbaf70feb1ca3707
4,0.015,0xefc9a910af21ce608f8031620621e58d54a9bb6038a495f07ead27191bb53c49
4,0.3,0x61830bfcece85b5f38a35d980444074f6e0d360c734aa922a9ed60aef45991e9
4,0.03,0x301e4d3d43a3ae30e89abed4a0997c9a20e8692e78fabc7efd2b125909d914a1
4,0.03,0x94a9056c8a6a8784f178f1945de8684c0df11440f55f3bd0b441e90c1fbe871c
4,0.03,0xad95d2488814fe8b07daa69518e28373b479317c06828920838293f721badbd3
4,0.3,0xbc7ac735993b07aff7602316ba407d2b5761984feb3baf6c228413b0106d2d2d
4,0.03,0x9e4e66969d77b9e464ab23a996de1ae22653fef73f97b4381fd2c8d12230ae13
4,0.03,0xce73123fd1957257093d125dd81a5d34712729c44b7176f981ec32027e829949
4,0.03,0x67e6987a8fcf35ea365b7b31921fd55bfa57fc2068b7ee49cf3425be2c8d7734
4,0.015,0x57635a5f4e16fadf891bf6dcca8d057d33980aef1a48bd833444328656525678
1,0.03,0x71838222b4c7b37e0c28e8bc889aa10bed139f243a56528ec7c2174eacb88a4b
4,0.3,0x2553df0d59f6459afa57bfa419d446a65a71409a971ea884fbdd7f582189cd0e
4,0.3,0x2caed146382e9fb07b2d82c4f3dd0ab1e75b6a050e696035c21e36a53a97d1e0
4,0.15,0xe487c10a112887035546bcfda69afac9cb060ef33edb6eca06f849f894550f3c
2,0.03,0x8303308be56df37ef85e29d44524252c616d9d1401004d29ef7efa46e1e9886c
4,0.03,0x05d4d19271dae1b2ee31b9dab10d707d862174925c6b5ae0703c8f15ae33e8ea
2,0.03,0xe4ea2bae5e196ff6aa564e89bc605bd32fb207a2abf5014e171c3c5eb9680189
3,0.03,0x38e65f5dd8eb9121997b671226bfb3fba0b068f7327f06c84dd60da26db33b82
3,0.015,0x2d79bfe90de4bbf4c8cfb6c9dbb8cfdeb4a4f747f5b0b0d5a37ab5da8c4356af
3,0.3,0x9fb1708c7088b50ec6820dad16166bf7dab62902d466c7140ae65e04dcd09526
4,0.3,0x16646963519bdf12915698de84bfe98056791b7a7183d8660b3f1193b3a3b372
4,0.03,0x3964fc644e855e89b795f7c4baf1bf861d1bb31cd86ac0cf8450621164a8eec0
2,1.5,0x01cf8cea1e94728b3012f741752204ce840565b0037770c5d438398e70d7d39c
2,0.3,0xf5710b078ba99390ee1c45fe880ad81daf8393632f4bc58098a2e9cf1e769b55
2,0.3,0x92057e7153b1d6f7d690254cfadb32cab75f560be908e0fc525e721c722314b3
4,0.3,0xf191c739758177c4b973d542aa64a4650eb9cf28159f70bc99bd1c1798080feb
4,0.03,0xe96c99bfdede2e30e63fd9fa5277342d3126020d41b22cce54b3da825c20a467
4,0.015,0x7ab5182d627f049480f3fec3b5fbb13a7770236e8f88d374191d720bd95ff369
